,id_img,denoiser,runtime
0,0,SD,0.00404581701150164
1,0,AD,0.004554418992483988
2,0,SD1,0.00029792499844916165
3,0,AD1,0.0003167380054946989
4,0,DRUNet,0.019236006017308682
5,0,SD_repeat_20,0.003959731024224311
6,0,SD_repeat_50,0.010059973981697112
7,0,SD_only1,0.00028384398319758475
8,0,AD_repeat_20,0.004521219991147518
9,0,AD_only1,0.00033633699058555067
10,1,SD,0.004005201015388593
11,1,AD,0.0045552150113508105
12,1,SD1,0.0002955980016849935
13,1,AD1,0.00031381798908114433
14,1,DRUNet,0.019173090026015416
15,1,SD_repeat_20,0.003942893003113568
16,1,SD_repeat_50,0.010060529020847753
17,1,SD_only1,0.00028548299451358616
18,1,AD_repeat_20,0.004534428007900715
19,1,AD_only1,0.0003336950030643493
20,2,SD,0.003976134990807623
21,2,AD,0.004547305987216532
22,2,SD1,0.00029681797605007887
23,2,AD1,0.00031412599491886795
24,2,DRUNet,0.019168304017512128
25,2,SD_repeat_20,0.003928887017536908
26,2,SD_repeat_50,0.010094822006067261
27,2,SD_only1,0.0002886709989979863
28,2,AD_repeat_20,0.00455162298749201
29,2,AD_only1,0.00033527601044625044
30,3,SD,0.004019974003313109
31,3,AD,0.004542078997474164
32,3,SD1,0.00029550600447691977
33,3,AD1,0.0003198200138285756
34,3,DRUNet,0.019168828992405906
35,3,SD_repeat_20,0.003924550022929907
36,3,SD_repeat_50,0.010015695996116847
37,3,SD_only1,0.00028599900542758405
38,3,AD_repeat_20,0.004536048014415428
39,3,AD_only1,0.00033623899798840284
40,4,SD,0.003992854006355628
41,4,AD,0.0045444860006682575
42,4,SD1,0.0002935350057668984
43,4,AD1,0.0003172610013280064
44,4,DRUNet,0.01914087400655262
45,4,SD_repeat_20,0.003944413008866832
46,4,SD_repeat_50,0.010031579993665218
47,4,SD_only1,0.00028406400815583766
48,4,AD_repeat_20,0.004553057020530105
49,4,AD_only1,0.0003324610006529838
50,5,SD,0.003963280993048102
51,5,AD,0.0045544650056399405
52,5,SD1,0.0002948740147985518
53,5,AD1,0.0003205719985999167
54,5,DRUNet,0.019095423980616033
55,5,SD_repeat_20,0.003843882994260639
56,5,SD_repeat_50,0.009821047977311537
57,5,SD_only1,0.00028368300991132855
58,5,AD_repeat_20,0.00452021902310662
59,5,AD_only1,0.00033361499663442373
60,6,SD,0.004025475995149463
61,6,AD,0.004797422996489331
62,6,SD1,0.00029602498398162425
63,6,AD1,0.00034197099739685655
64,6,DRUNet,0.01884783201967366
65,6,SD_repeat_20,0.003901902004145086
66,6,SD_repeat_50,0.010021844995208085
67,6,SD_only1,0.0002845010021701455
68,6,AD_repeat_20,0.004507061996264383
69,6,AD_only1,0.00033548599458299577
70,7,SD,0.003948107012547553
71,7,AD,0.00449520000256598
72,7,SD1,0.0002887279842980206
73,7,AD1,0.0003171440039295703
74,7,DRUNet,0.01887273899046704
75,7,SD_repeat_20,0.0038823329959996045
76,7,SD_repeat_50,0.010008520010160282
77,7,SD_only1,0.00027683598455041647
78,7,AD_repeat_20,0.0045330570137593895
79,7,AD_only1,0.00033002899726852775
80,8,SD,0.0039343099924735725
81,8,AD,0.004545033996691927
82,8,SD1,0.00029877701308578253
83,8,AD1,0.00030945101752877235
84,8,DRUNet,0.018889105005655438
85,8,SD_repeat_20,0.0038801170012447983
86,8,SD_repeat_50,0.010056217986857519
87,8,SD_only1,0.0002892299962695688
88,8,AD_repeat_20,0.004544627998257056
89,8,AD_only1,0.0003364739823155105
90,9,SD,0.0039750009891577065
91,9,AD,0.004480711999349296
92,9,SD1,0.00028792000375688076
93,9,AD1,0.00030404902645386755
94,9,DRUNet,0.018843997997464612
95,9,SD_repeat_20,0.0038433499867096543
96,9,SD_repeat_50,0.009732301987241954
97,9,SD_only1,0.00027676098397932947
98,9,AD_repeat_20,0.004478969989577308
99,9,AD_only1,0.00033239199547097087
100,10,SD,0.0039632330008316785
101,10,AD,0.0045437469962053
102,10,SD1,0.0002921700070146471
103,10,AD1,0.0003115799918305129
104,10,DRUNet,0.018856676993891597
105,10,SD_repeat_20,0.003938506008125842
106,10,SD_repeat_50,0.010025201976532117
107,10,SD_only1,0.00028254499193280935
108,10,AD_repeat_20,0.004513691004831344
109,10,AD_only1,0.0003359080001246184
110,11,SD,0.003960224014008418
111,11,AD,0.004514460015343502
112,11,SD1,0.00028508700779639184
113,11,AD1,0.00030687099206261337
114,11,DRUNet,0.01882933799060993
115,11,SD_repeat_20,0.0038334429846145213
116,11,SD_repeat_50,0.009777122992090881
117,11,SD_only1,0.000276542006758973
118,11,AD_repeat_20,0.004481833981117234
119,11,AD_only1,0.00032856001053005457
120,12,SD,0.0039483639993704855
121,12,AD,0.004521283000940457
122,12,SD1,0.0002888629969675094
123,12,AD1,0.0003120299952570349
124,12,DRUNet,0.018838288000551984
125,12,SD_repeat_20,0.0038810870028100908
126,12,SD_repeat_50,0.009957689995644614
127,12,SD_only1,0.00028356199618428946
128,12,AD_repeat_20,0.004565100010950118
129,12,AD_only1,0.00033528698259033263
130,13,SD,0.003967118012951687
131,13,AD,0.004566087998682633
132,13,SD1,0.0002902249980252236
133,13,AD1,0.0003101570182479918
134,13,DRUNet,0.018860290991142392
135,13,SD_repeat_20,0.0038452830049209297
136,13,SD_repeat_50,0.009907288011163473
137,13,SD_only1,0.0002821229863911867
138,13,AD_repeat_20,0.00451921799685806
139,13,AD_only1,0.0003334999782964587
140,14,SD,0.003915338020306081
141,14,AD,0.0045318990014493465
142,14,SD1,0.0002938350080512464
143,14,AD1,0.0003058729926124215
144,14,DRUNet,0.018852242996217683
145,14,SD_repeat_20,0.003860562981572002
146,14,SD_repeat_50,0.00994620201527141
147,14,SD_only1,0.00028848001966252923
148,14,AD_repeat_20,0.004538945999229327
149,14,AD_only1,0.00033510400680825114
150,15,SD,0.0039883739955257624
151,15,AD,0.004564272006973624
152,15,SD1,0.0002921379928011447
153,15,AD1,0.00031542201759293675
154,15,DRUNet,0.018848622014047578
155,15,SD_repeat_20,0.0038757869915571064
156,15,SD_repeat_50,0.0099890370038338
157,15,SD_only1,0.0002816740015987307
158,15,AD_repeat_20,0.004502732015680522
159,15,AD_only1,0.0003336869995109737
160,16,SD,0.003963816008763388
161,16,AD,0.004502254974795505
162,16,SD1,0.00029004798852838576
163,16,AD1,0.0003071899991482496
164,16,DRUNet,0.018836564995581284
165,16,SD_repeat_20,0.0038432270230259746
166,16,SD_repeat_50,0.009872549009742215
167,16,SD_only1,0.0002837590000126511
168,16,AD_repeat_20,0.004500670009292662
169,16,AD_only1,0.0003320680116303265
170,17,SD,0.003933580010198057
171,17,AD,0.004526061005890369
172,17,SD1,0.0002891619806177914
173,17,AD1,0.00031473900889977813
174,17,DRUNet,0.01885194901842624
175,17,SD_repeat_20,0.0038283219910226762
176,17,SD_repeat_50,0.009960051975212991
177,17,SD_only1,0.00028515097801573575
178,17,AD_repeat_20,0.004526807024376467
179,17,AD_only1,0.0003334929933771491
180,18,SD,0.004002517001936212
181,18,AD,0.004532498976914212
182,18,SD1,0.0002932570059783757
183,18,AD1,0.00030743697425350547
184,18,DRUNet,0.018861941003706306
185,18,SD_repeat_20,0.0038532209873665124
186,18,SD_repeat_50,0.010056316998088732
187,18,SD_only1,0.0002868839947041124
188,18,AD_repeat_20,0.004483439988689497
189,18,AD_only1,0.0003271320019848645
190,19,SD,0.003914208005880937
191,19,AD,0.004485114011913538
192,19,SD1,0.0002850550226867199
193,19,AD1,0.00031496898736804724
194,19,DRUNet,0.018827886000508443
195,19,SD_repeat_20,0.00384417999885045
196,19,SD_repeat_50,0.00990955502493307
197,19,SD_only1,0.00028363298042677343
198,19,AD_repeat_20,0.004546630021650344
199,19,AD_only1,0.0003342500131111592
200,20,SD,0.004038378014229238
201,20,AD,0.004575863014906645
202,20,SD1,0.0002928229805547744
203,20,AD1,0.00030886800959706306
204,20,DRUNet,0.018828942003892735
205,20,SD_repeat_20,0.003876631992170587
206,20,SD_repeat_50,0.010002916998928413
207,20,SD_only1,0.0002820939989760518
208,20,AD_repeat_20,0.0045008870074525476
209,20,AD_only1,0.00032603999716229737
210,21,SD,0.0039024889993015677
211,21,AD,0.004484358010813594
212,21,SD1,0.00028866500360891223
213,21,AD1,0.00031186200794763863
214,21,DRUNet,0.018845963990315795
215,21,SD_repeat_20,0.0038393130234908313
216,21,SD_repeat_50,0.009814065007958561
217,21,SD_only1,0.00028361400472931564
218,21,AD_repeat_20,0.004532652004854754
219,21,AD_only1,0.00032802001805976033
220,22,SD,0.004034433979541063
221,22,AD,0.004586103983456269
222,22,SD1,0.00029726099455729127
223,22,AD1,0.00031104599474929273
224,22,DRUNet,0.0188225370075088
225,22,SD_repeat_20,0.003927929006749764
226,22,SD_repeat_50,0.010007300006691366
227,22,SD_only1,0.0002832729951478541
228,22,AD_repeat_20,0.004521994007518515
229,22,AD_only1,0.0003564210201147944
230,23,SD,0.003938428009860218
231,23,AD,0.0045026410080026835
232,23,SD1,0.00028319100965745747
233,23,AD1,0.0003064399934373796
234,23,DRUNet,0.018885137978941202
235,23,SD_repeat_20,0.0038324290071614087
236,23,SD_repeat_50,0.009746917989104986
237,23,SD_only1,0.00027489199419505894
238,23,AD_repeat_20,0.004499734001001343
239,23,AD_only1,0.0003265409904997796
240,24,SD,0.003961539012379944
241,24,AD,0.004532860999461263
242,24,SD1,0.00029280001763254404
243,24,AD1,0.0003083700139541179
244,24,DRUNet,0.01884883499587886
245,24,SD_repeat_20,0.003866240003844723
246,24,SD_repeat_50,0.010064995993161574
247,24,SD_only1,0.0002781810180749744
248,24,AD_repeat_20,0.004514771979302168
249,24,AD_only1,0.00033570200321264565
250,25,SD,0.003954072017222643
251,25,AD,0.00449840200599283
252,25,SD1,0.00028818301507271826
253,25,AD1,0.0003096750006079674
254,25,DRUNet,0.01885438201134093
255,25,SD_repeat_20,0.0038177630049176514
256,25,SD_repeat_50,0.009701914008473977
257,25,SD_only1,0.0002782020019367337
258,25,AD_repeat_20,0.004476355010410771
259,25,AD_only1,0.0003253849863540381
260,26,SD,0.0039501220162492245
261,26,AD,0.004489684011787176
262,26,SD1,0.0002930490009021014
263,26,AD1,0.0003078909940086305
264,26,DRUNet,0.01883384498069063
265,26,SD_repeat_20,0.004146954015595838
266,26,SD_repeat_50,0.010017941007390618
267,26,SD_only1,0.0002857240033335984
268,26,AD_repeat_20,0.004562524991342798
269,26,AD_only1,0.00033549501677043736
270,27,SD,0.004005526017863303
271,27,AD,0.004549618985038251
272,27,SD1,0.0002857189974747598
273,27,AD1,0.00031006502103991807
274,27,DRUNet,0.018844238977180794
275,27,SD_repeat_20,0.003818571974989027
276,27,SD_repeat_50,0.00970041798427701
277,27,SD_only1,0.00027378799859434366
278,27,AD_repeat_20,0.0044742779864463955
279,27,AD_only1,0.0003248919965699315
280,28,SD,0.00394874598714523
281,28,AD,0.00449420401128009
282,28,SD1,0.00029224998434074223
283,28,AD1,0.00030871600029058754
284,28,DRUNet,0.018849398009479046
285,28,SD_repeat_20,0.003942798997741193
286,28,SD_repeat_50,0.010015740001108497
287,28,SD_only1,0.0002816170162986964
288,28,AD_repeat_20,0.0045196349965408444
289,28,AD_only1,0.0003348780155647546
290,29,SD,0.00395696799387224
291,29,AD,0.004571483994368464
292,29,SD1,0.0002875249774660915
293,29,AD1,0.00030728301499038935
294,29,DRUNet,0.01883091899799183
295,29,SD_repeat_20,0.003888778999680653
296,29,SD_repeat_50,0.009910855005728081
297,29,SD_only1,0.00028598602511920035
298,29,AD_repeat_20,0.004503257019678131
299,29,AD_only1,0.00033434201031923294
300,30,SD,0.003949272009776905
301,30,AD,0.004488701990339905
302,30,SD1,0.000290623982436955
303,30,AD1,0.0003160890191793442
304,30,DRUNet,0.01883411899325438
305,30,SD_repeat_20,0.0038612770149484277
306,30,SD_repeat_50,0.010008871991885826
307,30,SD_only1,0.0002839960216078907
308,30,AD_repeat_20,0.004495105997193605
309,30,AD_only1,0.00033366098068654537
310,31,SD,0.003943591000279412
311,31,AD,0.004545219009742141
312,31,SD1,0.00029454700415953994
313,31,AD1,0.0003105610085185617
314,31,DRUNet,0.01884661099757068
315,31,SD_repeat_20,0.003859669988742098
316,31,SD_repeat_50,0.009990571008529514
317,31,SD_only1,0.00028254298376850784
318,31,AD_repeat_20,0.004510354017838836
319,31,AD_only1,0.000331693998305127
320,32,SD,0.003964030998758972
321,32,AD,0.004507450998062268
322,32,SD1,0.000293357006739825
323,32,AD1,0.0003075689892284572
324,32,DRUNet,0.018861426011426374
325,32,SD_repeat_20,0.003898663999279961
326,32,SD_repeat_50,0.0098709549929481
327,32,SD_only1,0.00029091601027175784
328,32,AD_repeat_20,0.004506638972088695
329,32,AD_only1,0.0003335239889565855
330,33,SD,0.003936462017009035
331,33,AD,0.004523990006418899
332,33,SD1,0.0002853129990398884
333,33,AD1,0.0003077689907513559
334,33,DRUNet,0.018849494023015723
335,33,SD_repeat_20,0.003824760002316907
336,33,SD_repeat_50,0.009979880996979773
337,33,SD_only1,0.0002824680123012513
338,33,AD_repeat_20,0.004510220023803413
339,33,AD_only1,0.00033609100501053035
340,34,SD,0.004005430004326627
341,34,AD,0.004582371999276802
342,34,SD1,0.0002862630062736571
343,34,AD1,0.00030909699853509665
344,34,DRUNet,0.018838747986592352
345,34,SD_repeat_20,0.0038589460018556565
346,34,SD_repeat_50,0.009966937999706715
347,34,SD_only1,0.0002918320242315531
348,34,AD_repeat_20,0.004493774991715327
349,34,AD_only1,0.0003291069879196584
350,35,SD,0.0039249380060937256
351,35,AD,0.004529683996224776
352,35,SD1,0.00029122797423042357
353,35,AD1,0.0003122909984085709
354,35,DRUNet,0.01886525098234415
355,35,SD_repeat_20,0.0038346649962477386
356,35,SD_repeat_50,0.009930122003424913
357,35,SD_only1,0.00028468400705605745
358,35,AD_repeat_20,0.004565089999232441
359,35,AD_only1,0.0003348180034663528
360,36,SD,0.004025919013656676
361,36,AD,0.004582732013659552
362,36,SD1,0.0002902040141634643
363,36,AD1,0.00030846201116219163
364,36,DRUNet,0.018844225007342175
365,36,SD_repeat_20,0.00390231900382787
366,36,SD_repeat_50,0.010009329998865724
367,36,SD_only1,0.00028529600240290165
368,36,AD_repeat_20,0.004490777006139979
369,36,AD_only1,0.00032683901372365654
370,37,SD,0.003932200983399525
371,37,AD,0.0044461769866757095
372,37,SD1,0.00028401799499988556
373,37,AD1,0.0003072120016440749
374,37,DRUNet,0.01883140197605826
375,37,SD_repeat_20,0.0038371410046238452
376,37,SD_repeat_50,0.009814557008212432
377,37,SD_only1,0.00028518401086330414
378,37,AD_repeat_20,0.004515388980507851
379,37,AD_only1,0.0003324610006529838
380,38,SD,0.004035589983686805
381,38,AD,0.004594636004185304
382,38,SD1,0.00029294900014065206
383,38,AD1,0.00031267301528714597
384,38,DRUNet,0.018873629975132644
385,38,SD_repeat_20,0.003957171022193506
386,38,SD_repeat_50,0.009940817981259897
387,38,SD_only1,0.00028347797342576087
388,38,AD_repeat_20,0.004535376996500418
389,38,AD_only1,0.00032393401488661766
390,39,SD,0.003927162004401907
391,39,AD,0.004476654983591288
392,39,SD1,0.0002915299846790731
393,39,AD1,0.0003120899782516062
394,39,DRUNet,0.0188504770048894
395,39,SD_repeat_20,0.0038439079944510013
396,39,SD_repeat_50,0.009728746983455494
397,39,SD_only1,0.0002834089973475784
398,39,AD_repeat_20,0.004490876017371193
399,39,AD_only1,0.0003334700013510883
400,40,SD,0.003960400994401425
401,40,AD,0.004559177992632613
402,40,SD1,0.0002922260027844459
403,40,AD1,0.00031472399132326245
404,40,DRUNet,0.018851039989385754
405,40,SD_repeat_20,0.0038814370054751635
406,40,SD_repeat_50,0.010098698025103658
407,40,SD_only1,0.0002834149927366525
408,40,AD_repeat_20,0.004528393998043612
409,40,AD_only1,0.00033308297861367464
410,41,SD,0.003967658994952217
411,41,AD,0.004497001995332539
412,41,SD1,0.00028996000764891505
413,41,AD1,0.0003110199759248644
414,41,DRUNet,0.018853351997677237
415,41,SD_repeat_20,0.003817782999249175
416,41,SD_repeat_50,0.00972272499348037
417,41,SD_only1,0.0002819590154103935
418,41,AD_repeat_20,0.004488451988436282
419,41,AD_only1,0.00032804900547489524
420,42,SD,0.003961769019952044
421,42,AD,0.004550249985186383
422,42,SD1,0.00029110698960721493
423,42,AD1,0.0003147819952573627
424,42,DRUNet,0.018844899022951722
425,42,SD_repeat_20,0.003851649002172053
426,42,SD_repeat_50,0.010029102995758876
427,42,SD_only1,0.0002845980052370578
428,42,AD_repeat_20,0.004598310013534501
429,42,AD_only1,0.0003356240049470216
430,43,SD,0.003991242003394291
431,43,AD,0.004496020002989098
432,43,SD1,0.0002940259873867035
433,43,AD1,0.0003091910039074719
434,43,DRUNet,0.018834254005923867
435,43,SD_repeat_20,0.003852232010103762
436,43,SD_repeat_50,0.009757722989888862
437,43,SD_only1,0.0003072560066357255
438,43,AD_repeat_20,0.004454255977179855
439,43,AD_only1,0.00032715097768232226
440,44,SD,0.0039424540009349585
441,44,AD,0.004497836984228343
442,44,SD1,0.00029141901177354157
443,44,AD1,0.0003070230013690889
444,44,DRUNet,0.01883908102172427
445,44,SD_repeat_20,0.0038760380120947957
446,44,SD_repeat_50,0.009922868019202724
447,44,SD_only1,0.00028657601797021925
448,44,AD_repeat_20,0.004574690014123917
449,44,AD_only1,0.00033318999339826405
450,45,SD,0.0039691370038781315
451,45,AD,0.004575290979119018
452,45,SD1,0.0002814900071825832
453,45,AD1,0.00031380599830299616
454,45,DRUNet,0.018851297994842753
455,45,SD_repeat_20,0.0038418410113081336
456,45,SD_repeat_50,0.009927191014867276
457,45,SD_only1,0.000275944999884814
458,45,AD_repeat_20,0.0045148170029278845
459,45,AD_only1,0.00034565699752420187
460,46,SD,0.003935320011805743
461,46,AD,0.004499508999288082
462,46,SD1,0.00029242600430734456
463,46,AD1,0.0003076489956583828
464,46,DRUNet,0.018826685001840815
465,46,SD_repeat_20,0.003868372004944831
466,46,SD_repeat_50,0.010001822985941544
467,46,SD_only1,0.00028365899925120175
468,46,AD_repeat_20,0.004572852980345488
469,46,AD_only1,0.00033722902298904955
470,47,SD,0.003953280975110829
471,47,AD,0.00480339999194257
472,47,SD1,0.00029349600663408637
473,47,AD1,0.00031596102053299546
474,47,DRUNet,0.018831978988600895
475,47,SD_repeat_20,0.003914297005394474
476,47,SD_repeat_50,0.009995403001084924
477,47,SD_only1,0.00028324199956841767
478,47,AD_repeat_20,0.004525386000750586
479,47,AD_only1,0.00032637600088492036
480,48,SD,0.0039356549968943
481,48,AD,0.004492081003263593
482,48,SD1,0.0002923050196841359
483,48,AD1,0.00030883500585332513
484,48,DRUNet,0.018827583000529557
485,48,SD_repeat_20,0.003859911987092346
486,48,SD_repeat_50,0.009934611996868625
487,48,SD_only1,0.0002852889883797616
488,48,AD_repeat_20,0.004497649992117658
489,48,AD_only1,0.000333449017489329
490,49,SD,0.003927796002244577
491,49,AD,0.004524226998910308
492,49,SD1,0.000292534998152405
493,49,AD1,0.0003153280122205615
494,49,DRUNet,0.01884657799382694
495,49,SD_repeat_20,0.0038244189927354455
496,49,SD_repeat_50,0.010013425984652713
497,49,SD_only1,0.00028469698736444116
498,49,AD_repeat_20,0.004524531017523259
499,49,AD_only1,0.0003323199925944209
500,50,SD,0.00397289200918749
501,50,AD,0.0045287240063771605
502,50,SD1,0.0002924719883594662
503,50,AD1,0.0003066600183956325
504,50,DRUNet,0.018830034008715302
505,50,SD_repeat_20,0.0038689940120093524
506,50,SD_repeat_50,0.009979707014281303
507,50,SD_only1,0.0002787700213957578
508,50,AD_repeat_20,0.00450022000586614
509,50,AD_only1,0.0003280739765614271
510,51,SD,0.003941828006645665
511,51,AD,0.004498021007748321
512,51,SD1,0.0002911789924837649
513,51,AD1,0.00031313998624682426
514,51,DRUNet,0.01884261699160561
515,51,SD_repeat_20,0.003826934000244364
516,51,SD_repeat_50,0.009879195014946163
517,51,SD_only1,0.00028806598857045174
518,51,AD_repeat_20,0.00454974701278843
519,51,AD_only1,0.0003339810064062476
520,52,SD,0.00402572299935855
521,52,AD,0.004537813016213477
522,52,SD1,0.0002921380219049752
523,52,AD1,0.00030645300284959376
524,52,DRUNet,0.018895488989073783
525,52,SD_repeat_20,0.0038729700027033687
526,52,SD_repeat_50,0.010022931004641578
527,52,SD_only1,0.00031010701786726713
528,52,AD_repeat_20,0.004478143993765116
529,52,AD_only1,0.000327059009578079
530,53,SD,0.003911362000508234
531,53,AD,0.004502335010329261
532,53,SD1,0.00029162599821574986
533,53,AD1,0.0003071370010729879
534,53,DRUNet,0.018846444989321753
535,53,SD_repeat_20,0.003834406001260504
536,53,SD_repeat_50,0.009809593990212306
537,53,SD_only1,0.00028783900779671967
538,53,AD_repeat_20,0.004535243002464995
539,53,AD_only1,0.0003258769866079092
540,54,SD,0.004000551998615265
541,54,AD,0.004585610993672162
542,54,SD1,0.0002924590080510825
543,54,AD1,0.0003094359999522567
544,54,DRUNet,0.018828660977305844
545,54,SD_repeat_20,0.003919399983715266
546,54,SD_repeat_50,0.010036577994469553
547,54,SD_only1,0.00028180499793961644
548,54,AD_repeat_20,0.004504961019847542
549,54,AD_only1,0.00033498398261144757
550,55,SD,0.0039107339980546385
551,55,AD,0.0045003609848208725
552,55,SD1,0.00028615701012313366
553,55,AD1,0.0003076510038226843
554,55,DRUNet,0.01881904900074005
555,55,SD_repeat_20,0.0038392290007323027
556,55,SD_repeat_50,0.00973727399832569
557,55,SD_only1,0.0002791339938994497
558,55,AD_repeat_20,0.004494221997447312
559,55,AD_only1,0.0003394559898879379
560,56,SD,0.003951741993660107
561,56,AD,0.00455966399749741
562,56,SD1,0.00029017002088949084
563,56,AD1,0.0003084610216319561
564,56,DRUNet,0.01883831899613142
565,56,SD_repeat_20,0.003916115005267784
566,56,SD_repeat_50,0.010042137000709772
567,56,SD_only1,0.00027746998239308596
568,56,AD_repeat_20,0.004582098015816882
569,56,AD_only1,0.0003373300132807344
570,57,SD,0.003945191012462601
571,57,AD,0.0044862739741802216
572,57,SD1,0.0002888629969675094
573,57,AD1,0.00031482201302424073
574,57,DRUNet,0.018837895011529326
575,57,SD_repeat_20,0.0038146869919728488
576,57,SD_repeat_50,0.009721973998239264
577,57,SD_only1,0.0002748520055320114
578,57,AD_repeat_20,0.004495208995649591
579,57,AD_only1,0.0003332860069349408
580,58,SD,0.0039618840091861784
581,58,AD,0.004571936005959287
582,58,SD1,0.0002921000123023987
583,58,AD1,0.00031608997960574925
584,58,DRUNet,0.018855650996556506
585,58,SD_repeat_20,0.0038801810005679727
586,58,SD_repeat_50,0.010052638011984527
587,58,SD_only1,0.0002859999949578196
588,58,AD_repeat_20,0.004576158011332154
589,58,AD_only1,0.0003335080109536648
590,59,SD,0.003991770994616672
591,59,AD,0.004495708009926602
592,59,SD1,0.0002909479953814298
593,59,AD1,0.0003110370016656816
594,59,DRUNet,0.018856336013413966
595,59,SD_repeat_20,0.0038815239968243986
596,59,SD_repeat_50,0.009714724001241848
597,59,SD_only1,0.0002770129940472543
598,59,AD_repeat_20,0.004483608005102724
599,59,AD_only1,0.0003255479969084263
600,60,SD,0.003929477999918163
601,60,AD,0.004553597013000399
602,60,SD1,0.00029457200434990227
603,60,AD1,0.00030909699853509665
604,60,DRUNet,0.01883532400825061
605,60,SD_repeat_20,0.0038687899941578507
606,60,SD_repeat_50,0.009954048990039155
607,60,SD_only1,0.0002881829859688878
608,60,AD_repeat_20,0.004562112007988617
609,60,AD_only1,0.00033479600097052753
610,61,SD,0.004001027002232149
611,61,AD,0.004542820999631658
612,61,SD1,0.0002855829952750355
613,61,AD1,0.0003098949964623898
614,61,DRUNet,0.018835138995200396
615,61,SD_repeat_20,0.0038492869934998453
616,61,SD_repeat_50,0.00992180299363099
617,61,SD_only1,0.00028376097907312214
618,61,AD_repeat_20,0.0045082030119374394
619,61,AD_only1,0.00032563399872742593
620,62,SD,0.003923165000742301
621,62,AD,0.004499507980654016
622,62,SD1,0.00028885298524983227
623,62,AD1,0.0003145060036331415
624,62,DRUNet,0.01885809999657795
625,62,SD_repeat_20,0.003850528009934351
626,62,SD_repeat_50,0.009972090017981827
627,62,SD_only1,0.0002877240185625851
628,62,AD_repeat_20,0.004547899006865919
629,62,AD_only1,0.0003349230100866407
630,63,SD,0.003989118995377794
631,63,AD,0.004589365009451285
632,63,SD1,0.0002895359939429909
633,63,AD1,0.0003172850119881332
634,63,DRUNet,0.01882810500683263
635,63,SD_repeat_20,0.0038311679963953793
636,63,SD_repeat_50,0.009952132997568697
637,63,SD_only1,0.0002789899881463498
638,63,AD_repeat_20,0.004513497988227755
639,63,AD_only1,0.00032583699794486165
640,64,SD,0.003938701993320137
641,64,AD,0.004505774995777756
642,64,SD1,0.0002918230020441115
643,64,AD1,0.00030714800232090056
644,64,DRUNet,0.018822537997039035
645,64,SD_repeat_20,0.0038559469976462424
646,64,SD_repeat_50,0.009911664004903287
647,64,SD_only1,0.00028447998920455575
648,64,AD_repeat_20,0.004492815991397947
649,64,AD_only1,0.0003271710011176765
650,65,SD,0.003944445983506739
651,65,AD,0.004527369019342586
652,65,SD1,0.00029051300953142345
653,65,AD1,0.0003077200090046972
654,65,DRUNet,0.01882623799610883
655,65,SD_repeat_20,0.003859056014334783
656,65,SD_repeat_50,0.010035243001766503
657,65,SD_only1,0.00028028301312588155
658,65,AD_repeat_20,0.004533661005552858
659,65,AD_only1,0.00032588501926511526
660,66,SD,0.003940046997740865
661,66,AD,0.004518211004324257
662,66,SD1,0.0002910330076701939
663,66,AD1,0.0003118650056421757
664,66,DRUNet,0.018841159995645285
665,66,SD_repeat_20,0.003839373996015638
666,66,SD_repeat_50,0.009957341972040012
667,66,SD_only1,0.00027794099878519773
668,66,AD_repeat_20,0.004501098999753594
669,66,AD_only1,0.0003383390139788389
670,67,SD,0.003939533024094999
671,67,AD,0.0045304060040507466
672,67,SD1,0.0002948660112451762
673,67,AD1,0.00031481400947086513
674,67,DRUNet,0.01887370098847896
675,67,SD_repeat_20,0.004079082020325586
676,67,SD_repeat_50,0.00997340600588359
677,67,SD_only1,0.0002844920090865344
678,67,AD_repeat_20,0.004519884998444468
679,67,AD_only1,0.00033421500120311975
680,68,SD,0.003976817009970546
681,68,AD,0.004547256015939638
682,68,SD1,0.00029382898355834186
683,68,AD1,0.00030868599424138665
684,68,DRUNet,0.01883755999733694
685,68,SD_repeat_20,0.003876503003994003
686,68,SD_repeat_50,0.009988845995394513
687,68,SD_only1,0.00027992299874313176
688,68,AD_repeat_20,0.004505046992562711
689,68,AD_only1,0.0003256739873904735
690,69,SD,0.003908284998033196
691,69,AD,0.004484271979890764
692,69,SD1,0.0002850480086635798
693,69,AD1,0.0003070310049224645
694,69,DRUNet,0.01886009899317287
695,69,SD_repeat_20,0.003875817987136543
696,69,SD_repeat_50,0.00994349000393413
697,69,SD_only1,0.0002835179911926389
698,69,AD_repeat_20,0.004568094998830929
699,69,AD_only1,0.0003048919897992164
700,70,SD,0.003960333997383714
701,70,AD,0.004579225991619751
702,70,SD1,0.0002922660205513239
703,70,AD1,0.0003080480091739446
704,70,DRUNet,0.01883200599695556
705,70,SD_repeat_20,0.003910069004632533
706,70,SD_repeat_50,0.010004759998992085
707,70,SD_only1,0.0002840189845301211
708,70,AD_repeat_20,0.004522672999883071
709,70,AD_only1,0.00032700301380828023
710,71,SD,0.003933894011424854
711,71,AD,0.004483716009417549
712,71,SD1,0.00028353100060485303
713,71,AD1,0.00030793697806075215
714,71,DRUNet,0.018831143010174856
715,71,SD_repeat_20,0.0038268100179266185
716,71,SD_repeat_50,0.009805700014112517
717,71,SD_only1,0.00028661201940849423
718,71,AD_repeat_20,0.004522539995377883
719,71,AD_only1,0.00032773500424809754
720,72,SD,0.003992871992522851
721,72,AD,0.004569861019263044
722,72,SD1,0.0002915909863077104
723,72,AD1,0.0003156469902023673
724,72,DRUNet,0.01884516899008304
725,72,SD_repeat_20,0.003911815001629293
726,72,SD_repeat_50,0.010019291017670184
727,72,SD_only1,0.00028583299717865884
728,72,AD_repeat_20,0.004557634994853288
729,72,AD_only1,0.0003341519914101809
730,73,SD,0.003939368005376309
731,73,AD,0.004483637021621689
732,73,SD1,0.0002891850017476827
733,73,AD1,0.00030602500191889703
734,73,DRUNet,0.018840739998267964
735,73,SD_repeat_20,0.003851272020256147
736,73,SD_repeat_50,0.009677021007519215
737,73,SD_only1,0.0002783919917419553
738,73,AD_repeat_20,0.004514150001341477
739,73,AD_only1,0.00032773998100310564
740,74,SD,0.003952497005229816
741,74,AD,0.004548431985313073
742,74,SD1,0.0002897609956562519
743,74,AD1,0.0003076559805776924
744,74,DRUNet,0.018850919004762545
745,74,SD_repeat_20,0.003875973023241386
746,74,SD_repeat_50,0.010041170986369252
747,74,SD_only1,0.00028493799618445337
748,74,AD_repeat_20,0.004527404991677031
749,74,AD_only1,0.00033648399403318763
750,75,SD,0.003965695999795571
751,75,AD,0.004573425016133115
752,75,SD1,0.00028414002736099064
753,75,AD1,0.0003098829765804112
754,75,DRUNet,0.01882928400300443
755,75,SD_repeat_20,0.0038465620018541813
756,75,SD_repeat_50,0.009798243001569062
757,75,SD_only1,0.00027552698156796396
758,75,AD_repeat_20,0.004537907982012257
759,75,AD_only1,0.0003640789946075529
760,76,SD,0.003894402994774282
761,76,AD,0.004535419982858002
762,76,SD1,0.00028496101731434464
763,76,AD1,0.00030689299455843866
764,76,DRUNet,0.018872799002565444
765,76,SD_repeat_20,0.0038750300009269267
766,76,SD_repeat_50,0.009951018000720069
767,76,SD_only1,0.00028240299434401095
768,76,AD_repeat_20,0.004546320007648319
769,76,AD_only1,0.00033442798303440213
770,77,SD,0.004012677003629506
771,77,AD,0.004539735004073009
772,77,SD1,0.0002877830120269209
773,77,AD1,0.0003144939837511629
774,77,DRUNet,0.018864156998461112
775,77,SD_repeat_20,0.003834437986370176
776,77,SD_repeat_50,0.009806212008697912
777,77,SD_only1,0.000277064013062045
778,77,AD_repeat_20,0.004495386005146429
779,77,AD_only1,0.0003264390106778592
780,78,SD,0.003942845010897145
781,78,AD,0.004509799997322261
782,78,SD1,0.0002884760033339262
783,78,AD1,0.00031125900568440557
784,78,DRUNet,0.018822898011421785
785,78,SD_repeat_20,0.0038518400106113404
786,78,SD_repeat_50,0.009891316993162036
787,78,SD_only1,0.00028578401543200016
788,78,AD_repeat_20,0.004522078001173213
789,78,AD_only1,0.0003373869985807687
790,79,SD,0.003978468012064695
791,79,AD,0.004545770992990583
792,79,SD1,0.0002949149929918349
793,79,AD1,0.00031714001670479774
794,79,DRUNet,0.01883356398320757
795,79,SD_repeat_20,0.0038781049952376634
796,79,SD_repeat_50,0.009962350013665855
797,79,SD_only1,0.0002773309824988246
798,79,AD_repeat_20,0.00451005098875612
799,79,AD_only1,0.0003284660051576793
800,80,SD,0.003948841011151671
801,80,AD,0.004503411997575313
802,80,SD1,0.0002937900135293603
803,80,AD1,0.0003135180159006268
804,80,DRUNet,0.01883938501123339
805,80,SD_repeat_20,0.0038642429863102734
806,80,SD_repeat_50,0.009988707985030487
807,80,SD_only1,0.00028716601082123816
808,80,AD_repeat_20,0.004503053001826629
809,80,AD_only1,0.00033465700107626617
810,81,SD,0.003946198004996404
811,81,AD,0.004506423982093111
812,81,SD1,0.00029427598929032683
813,81,AD1,0.0003139449981972575
814,81,DRUNet,0.01884024200262502
815,81,SD_repeat_20,0.003875740017974749
816,81,SD_repeat_50,0.009946500009391457
817,81,SD_only1,0.0003001239965669811
818,81,AD_repeat_20,0.0044861189962830395
819,81,AD_only1,0.0003252210153732449
820,82,SD,0.003969379991758615
821,82,AD,0.004522195988101885
822,82,SD1,0.00028855199343524873
823,82,AD1,0.000309648021357134
824,82,DRUNet,0.018837404990335926
825,82,SD_repeat_20,0.003867907013045624
826,82,SD_repeat_50,0.009949848987162113
827,82,SD_only1,0.0002857180079445243
828,82,AD_repeat_20,0.0045126939949113876
829,82,AD_only1,0.0003265779814682901
830,83,SD,0.003929056983906776
831,83,AD,0.0045423179981298745
832,83,SD1,0.000286630995105952
833,83,AD1,0.0003147280076518655
834,83,DRUNet,0.01886895898496732
835,83,SD_repeat_20,0.0038238099950831383
836,83,SD_repeat_50,0.009985693002818152
837,83,SD_only1,0.0002859290107153356
838,83,AD_repeat_20,0.004544945986708626
839,83,AD_only1,0.0003334409848321229
840,84,SD,0.004003666981589049
841,84,AD,0.0044941179803572595
842,84,SD1,0.0002907609741669148
843,84,AD1,0.0003058669972233474
844,84,DRUNet,0.018853054993087426
845,84,SD_repeat_20,0.0038536499778274447
846,84,SD_repeat_50,0.010017177002737299
847,84,SD_only1,0.00028470699908211827
848,84,AD_repeat_20,0.004501657007494941
849,84,AD_only1,0.00033652197453193367
850,85,SD,0.00395981699693948
851,85,AD,0.004501585994148627
852,85,SD1,0.00028790300711989403
853,85,AD1,0.00031555999885313213
854,85,DRUNet,0.018859273026464507
855,85,SD_repeat_20,0.0038500920054502785
856,85,SD_repeat_50,0.0099533699976746
857,85,SD_only1,0.00028692997875623405
858,85,AD_repeat_20,0.0045628299994859844
859,85,AD_only1,0.000334568991092965
860,86,SD,0.004029270989121869
861,86,AD,0.004540015012025833
862,86,SD1,0.0002903419954236597
863,86,AD1,0.00031384898466058075
864,86,DRUNet,0.0188566790020559
865,86,SD_repeat_20,0.003937810979550704
866,86,SD_repeat_50,0.010032175981905311
867,86,SD_only1,0.0002772559819277376
868,86,AD_repeat_20,0.004507290024776012
869,86,AD_only1,0.0003263989929109812
870,87,SD,0.00391120501444675
871,87,AD,0.004508526006247848
872,87,SD1,0.0002908760216087103
873,87,AD1,0.0003149390104226768
874,87,DRUNet,0.01881654400494881
875,87,SD_repeat_20,0.0038266110059339553
876,87,SD_repeat_50,0.009915447008097544
877,87,SD_only1,0.0002804660180117935
878,87,AD_repeat_20,0.004515757987974212
879,87,AD_only1,0.00033617200097069144
880,88,SD,0.003992444020695984
881,88,AD,0.004773288004798815
882,88,SD1,0.00029064802220091224
883,88,AD1,0.00031486700754612684
884,88,DRUNet,0.018850003980332986
885,88,SD_repeat_20,0.003906494006514549
886,88,SD_repeat_50,0.010026698000729084
887,88,SD_only1,0.00028822600143030286
888,88,AD_repeat_20,0.004530411009909585
889,88,AD_only1,0.0003343000134918839
890,89,SD,0.003918225003872067
891,89,AD,0.004477067006519064
892,89,SD1,0.0002905250003095716
893,89,AD1,0.00031411301461048424
894,89,DRUNet,0.018855155009077862
895,89,SD_repeat_20,0.0038338169979397207
896,89,SD_repeat_50,0.009749902004841715
897,89,SD_only1,0.00028489899705164135
898,89,AD_repeat_20,0.004517858993494883
899,89,AD_only1,0.00033439500839449465
900,90,SD,0.003994700993644074
901,90,AD,0.0045548389898613095
902,90,SD1,0.00029655901016667485
903,90,AD1,0.0003181240172125399
904,90,DRUNet,0.018860705982660875
905,90,SD_repeat_20,0.0039019550022203475
906,90,SD_repeat_50,0.010062649991596118
907,90,SD_only1,0.00028582700178958476
908,90,AD_repeat_20,0.004488076985580847
909,90,AD_only1,0.0003363159776199609
910,91,SD,0.003940380993299186
911,91,AD,0.004489946004468948
912,91,SD1,0.0002887540031224489
913,91,AD1,0.0003131910052616149
914,91,DRUNet,0.01885616101208143
915,91,SD_repeat_20,0.003847145999316126
916,91,SD_repeat_50,0.009677502006525174
917,91,SD_only1,0.0002762950025498867
918,91,AD_repeat_20,0.004507706995354965
919,91,AD_only1,0.000326912006130442
920,92,SD,0.003963359020417556
921,92,AD,0.004542904993286356
922,92,SD1,0.0002965090097859502
923,92,AD1,0.00031489497632719576
924,92,DRUNet,0.018869012012146413
925,92,SD_repeat_20,0.003839507990051061
926,92,SD_repeat_50,0.009976294997613877
927,92,SD_only1,0.0002807700075209141
928,92,AD_repeat_20,0.0045935910020489246
929,92,AD_only1,0.0003343680000398308
930,93,SD,0.003987459000200033
931,93,AD,0.004441594006493688
932,93,SD1,0.0002893929777201265
933,93,AD1,0.0003161249915137887
934,93,DRUNet,0.018822070996975526
935,93,SD_repeat_20,0.0038353079871740192
936,93,SD_repeat_50,0.009720549016492441
937,93,SD_only1,0.00027830101316794753
938,93,AD_repeat_20,0.004478675982682034
939,93,AD_only1,0.00032748698140494525
940,94,SD,0.003933233005227521
941,94,AD,0.004518377012573183
942,94,SD1,0.0002874080091714859
943,94,AD1,0.0003140119952149689
944,94,DRUNet,0.01886994601227343
945,94,SD_repeat_20,0.003881701995851472
946,94,SD_repeat_50,0.010191214008955285
947,94,SD_only1,0.00028282098355703056
948,94,AD_repeat_20,0.004555218009045348
949,94,AD_only1,0.00033544001053087413
950,95,SD,0.003969426004914567
951,95,AD,0.0045582010061480105
952,95,SD1,0.0002873940102290362
953,95,AD1,0.0003146980016026646
954,95,DRUNet,0.018862316996091977
955,95,SD_repeat_20,0.003927683021174744
956,95,SD_repeat_50,0.00985430899891071
957,95,SD_only1,0.0002761229989118874
958,95,AD_repeat_20,0.004509452992351726
959,95,AD_only1,0.0003322760167066008
960,96,SD,0.003948307014070451
961,96,AD,0.004510852013481781
962,96,SD1,0.00029268002253957093
963,96,AD1,0.0003076519933529198
964,96,DRUNet,0.01884999600588344
965,96,SD_repeat_20,0.003868162020808086
966,96,SD_repeat_50,0.010016726009780541
967,96,SD_only1,0.00028751700301654637
968,96,AD_repeat_20,0.0045514040102716535
969,96,AD_only1,0.0003372599894646555
970,97,SD,0.004011521989014
971,97,AD,0.004568906995700672
972,97,SD1,0.0002963749866466969
973,97,AD1,0.0003096589935012162
974,97,DRUNet,0.018852206994779408
975,97,SD_repeat_20,0.0038687360065523535
976,97,SD_repeat_50,0.013057125004706904
977,97,SD_only1,0.00022130299475975335
978,97,AD_repeat_20,0.004478297982132062
979,97,AD_only1,0.0003256239870097488
980,98,SD,0.003953492996515706
981,98,AD,0.004504978976910934
982,98,SD1,0.0002862140245269984
983,98,AD1,0.0003162930079270154
984,98,DRUNet,0.01884236902697012
985,98,SD_repeat_20,0.003831840993370861
986,98,SD_repeat_50,0.009963128017261624
987,98,SD_only1,0.00027930099167861044
988,98,AD_repeat_20,0.0045442609989549965
989,98,AD_only1,0.0003340640105307102
990,99,SD,0.003945392003515735
991,99,AD,0.004541643022093922
992,99,SD1,0.0002889640163630247
993,99,AD1,0.00031623998074792325
994,99,DRUNet,0.018833425012417138
995,99,SD_repeat_20,0.0038327010115608573
996,99,SD_repeat_50,0.009952413995051757
997,99,SD_only1,0.0002781829971354455
998,99,AD_repeat_20,0.004500133014516905
999,99,AD_only1,0.00033263699151575565
